{"stats":{"minecraft:crafted":{"minecraft:crafting_table":1,"minecraft:wooden_pickaxe":1,"minecraft:iron_sword":1,"minecraft:birch_planks":4,"minecraft:stone_axe":1,"minecraft:stick":8,"minecraft:iron_pickaxe":1,"minecraft:stone_pickaxe":1,"minecraft:dark_oak_planks":16,"minecraft:torch":4},"minecraft:picked_up":{"minecraft:birch_log":10,"minecraft:charcoal":4,"minecraft:coarse_dirt":6,"create_new_age:thorium":12,"minecraft:clay_ball":36,"minecraft:dark_oak_boat":4,"minecraft:dirt":22,"minecraft:moss_carpet":1,"pizzacraft:cucumber_seeds":1,"minecraft:bone":2,"minecraft:cyan_carpet":5,"minecraft:kelp":3,"minecraft:spruce_planks":6,"minecraft:iron_ingot":5,"minecraft:player_head":1,"minecraft:moss_block":3,"croptopia:roe":2,"minecraft:birch_sapling":2,"minecraft:flowering_azalea":1,"ancient_elements:aero_charge":4,"minecraft:dark_oak_sapling":2,"minecraft:stick":2,"minecraft:raw_iron":2,"minecraft:sweet_berries":27,"minecraft:torch":1,"minecraft:dark_oak_log":4,"minecraft:dark_oak_planks":28,"minecraft:rotten_flesh":3,"minecraft:tropical_fish":1,"minecraft:hay_block":2,"minecraft:glow_berries":1,"croptopia:pecan":7,"minecraft:coal":2,"minecraft:cobblestone":151},"minecraft:used":{"croptopia:pecan":4,"minecraft:tropical_fish":1,"minecraft:stone_pickaxe":42,"minecraft:spruce_planks":2,"minecraft:wooden_pickaxe":18,"minecraft:player_head":1,"minecraft:rotten_flesh":1,"minecraft:torch":4,"minecraft:dirt":1,"minecraft:crafting_table":1,"minecraft:iron_pickaxe":128,"minecraft:stone_axe":24,"minecraft:cobblestone":4,"minecraft:dark_oak_boat":3,"minecraft:sweet_berries":21,"minecraft:coarse_dirt":1},"minecraft:mined":{"minecraft:dark_oak_planks":4,"minecraft:spruce_planks":5,"minecraft:flowering_azalea":1,"minecraft:cyan_stained_glass":1,"minecraft:clay":9,"minecraft:grass_block":10,"create_new_age:thorium_ore":4,"minecraft:campfire":1,"minecraft:tall_grass":1,"minecraft:cobblestone":2,"minecraft:moss_block":3,"minecraft:wall_torch":1,"minecraft:coarse_dirt":4,"minecraft:iron_ore":3,"minecraft:sweet_berry_bush":12,"treechop:chopped_log":3,"minecraft:grass":6,"minecraft:coal_ore":4,"minecraft:dirt":14,"minecraft:stone":156,"minecraft:player_head":1},"minecraft:custom":{"minecraft:mob_kills":8,"minecraft:interact_with_crafting_table":11,"minecraft:damage_dealt_resisted":10,"minecraft:leave_game":4,"minecraft:time_since_death":642,"minecraft:time_since_rest":1179,"minecraft:sprint_one_cm":43353,"minecraft:damage_taken":2205,"minecraft:walk_one_cm":255241,"minecraft:drop":27,"minecraft:damage_dealt":1158,"minecraft:swim_one_cm":7742,"minecraft:fly_one_cm":11649,"minecraft:crouch_one_cm":154,"minecraft:play_time":98551,"minecraft:deaths":7,"minecraft:sneak_time":134,"minecraft:walk_under_water_one_cm":37772,"minecraft:boat_one_cm":223573,"minecraft:jump":673,"minecraft:walk_on_water_one_cm":22101,"minecraft:total_world_time":98551,"minecraft:fall_one_cm":10070},"minecraft:killed":{"minecraft:cave_spider":1,"ancient_elements:aetherial_glaze":1,"alexsmobs:tasmanian_devil":1,"born_in_chaos_v1:decrepit_skeleton":2,"minecraft:zombie":2,"born_in_chaos_v1:corpse_fly":1},"minecraft:dropped":{"minecraft:coarse_dirt":2,"minecraft:dark_oak_sapling":2,"minecraft:birch_sapling":1,"minecraft:rotten_flesh":1,"minecraft:dirt":6,"minecraft:spruce_planks":4,"minecraft:charcoal":2,"croptopia:pecan":3,"minecraft:stone_pickaxe":1,"minecraft:dark_oak_planks":20}},"DataVersion":3465}