{"stats":{"minecraft:crafted":{"minecraft:crafting_table":1,"minecraft:wooden_pickaxe":1,"minecraft:iron_sword":1,"minecraft:birch_planks":4,"minecraft:stone_axe":1,"minecraft:stick":8,"minecraft:iron_pickaxe":1,"minecraft:stone_pickaxe":1,"minecraft:dark_oak_planks":16,"minecraft:torch":4},"minecraft:picked_up":{"minecraft:birch_log":10,"born_in_chaos_v1:corpse_maggot":2,"minecraft:charcoal":4,"minecraft:coarse_dirt":6,"create_new_age:thorium":26,"minecraft:clay_ball":36,"minecraft:stone_slab":1,"minecraft:dark_oak_boat":4,"minecraft:tuff":2,"minecraft:shield":1,"minecraft:dirt":23,"minecraft:moss_carpet":1,"pizzacraft:cucumber_seeds":1,"minecraft:bone":5,"minecraft:cyan_carpet":5,"minecraft:apple":4,"minecraft:kelp":3,"minecraft:spruce_planks":6,"minecraft:iron_ingot":5,"minecraft:player_head":1,"minecraft:iron_pickaxe":1,"minecraft:moss_block":3,"croptopia:roe":2,"minecraft:flowering_azalea":1,"minecraft:birch_sapling":2,"minecraft:iron_sword":1,"ancient_elements:aero_charge":4,"minecraft:dark_oak_sapling":2,"minecraft:stick":2,"minecraft:raw_iron":2,"minecraft:smooth_basalt":1,"bygonenether:cobbled_blackstone":5,"minecraft:sweet_berries":63,"minecraft:torch":1,"minecraft:porkchop":2,"minecraft:dark_oak_log":4,"minecraft:dark_oak_planks":33,"minecraft:rotten_flesh":3,"minecraft:tropical_fish":1,"minecraft:hay_block":2,"minecraft:pink_tulip":2,"minecraft:glow_berries":1,"croptopia:pecan":7,"minecraft:coal":6,"minecraft:cobblestone":153},"minecraft:used":{"croptopia:pecan":4,"minecraft:tropical_fish":1,"minecraft:stone_pickaxe":42,"minecraft:spruce_planks":2,"minecraft:wooden_pickaxe":18,"minecraft:iron_sword":30,"minecraft:player_head":1,"minecraft:rotten_flesh":1,"minecraft:torch":4,"minecraft:dirt":1,"minecraft:crafting_table":1,"born_in_chaos_v1:corpse_maggot":2,"minecraft:apple":4,"minecraft:iron_pickaxe":157,"minecraft:stone_axe":24,"minecraft:cobblestone":4,"minecraft:dark_oak_boat":3,"minecraft:sweet_berries":47,"minecraft:coarse_dirt":1},"minecraft:mined":{"minecraft:dark_oak_planks":4,"minecraft:tuff":2,"minecraft:spruce_planks":5,"minecraft:flowering_azalea":1,"minecraft:blackstone":8,"minecraft:cyan_stained_glass":1,"minecraft:clay":9,"minecraft:grass_block":11,"create_new_age:thorium_ore":8,"minecraft:campfire":1,"minecraft:tall_grass":1,"minecraft:cobblestone":3,"minecraft:moss_block":3,"minecraft:wall_torch":1,"minecraft:coarse_dirt":4,"minecraft:iron_ore":3,"minecraft:sweet_berry_bush":18,"treechop:chopped_log":3,"minecraft:grass":7,"minecraft:coal_ore":8,"minecraft:dirt":16,"minecraft:pink_tulip":2,"minecraft:smooth_basalt":1,"minecraft:stone":159,"minecraft:small_dripleaf":2,"minecraft:player_head":1},"minecraft:custom":{"minecraft:mob_kills":11,"minecraft:interact_with_crafting_table":13,"minecraft:damage_dealt_resisted":10,"minecraft:leave_game":8,"minecraft:time_since_death":32790,"minecraft:time_since_rest":33327,"minecraft:sprint_one_cm":155147,"minecraft:damage_taken":2740,"minecraft:walk_one_cm":355737,"minecraft:drop":27,"minecraft:damage_dealt":1613,"minecraft:swim_one_cm":7742,"minecraft:fly_one_cm":47296,"minecraft:crouch_one_cm":540,"minecraft:play_time":130699,"minecraft:deaths":7,"minecraft:sneak_time":177,"minecraft:walk_under_water_one_cm":37772,"minecraft:boat_one_cm":223573,"minecraft:jump":1129,"minecraft:walk_on_water_one_cm":23145,"minecraft:total_world_time":130699,"minecraft:fall_one_cm":18135},"minecraft:killed":{"minecraft:cave_spider":1,"born_in_chaos_v1:baby_skeleton":1,"ancient_elements:aetherial_glaze":1,"untamedwilds:boar":1,"alexsmobs:tasmanian_devil":1,"born_in_chaos_v1:decrepit_skeleton":2,"minecraft:zombie":3,"born_in_chaos_v1:corpse_fly":1},"minecraft:dropped":{"minecraft:coarse_dirt":2,"minecraft:dark_oak_sapling":2,"minecraft:birch_sapling":1,"minecraft:rotten_flesh":1,"minecraft:dirt":6,"minecraft:spruce_planks":4,"minecraft:charcoal":2,"croptopia:pecan":3,"minecraft:stone_pickaxe":1,"minecraft:dark_oak_planks":20}},"DataVersion":3465}