{"stats":{"minecraft:crafted":{"minecraft:dark_oak_boat":4,"minecraft:crafting_table":2,"minecraft:wooden_pickaxe":2,"minecraft:furnace":1,"minecraft:stone_axe":1,"minecraft:air":0,"minecraft:iron_axe":1,"minecraft:stick":24,"minecraft:iron_ingot":11,"minecraft:iron_pickaxe":1,"minecraft:stone_pickaxe":1,"minecraft:wooden_axe":1,"minecraft:dark_oak_planks":60,"minecraft:torch":24,"minecraft:wheat":18},"minecraft:picked_up":{"born_in_chaos_v1:corpse_maggot":5,"minecraft:crafting_table":5,"minecraft:coarse_dirt":6,"create_new_age:thorium":10,"minecraft:clay_ball":12,"minecraft:flower_pot":2,"minecraft:dark_oak_boat":2,"minecraft:lead":1,"alexsmobs:bear_fur":1,"wearablebackpacks:backpack":3,"minecraft:cornflower":1,"minecraft:dirt":64,"minecraft:string":2,"minecraft:raw_copper":4,"minecraft:item_frame":2,"minecraft:bone":1,"minecraft:beetroot":1,"minecraft:kelp":15,"minecraft:wheat_seeds":2,"minecraft:spruce_planks":9,"minecraft:stone_pickaxe":1,"minecraft:player_head":1,"minecraft:azalea":1,"minecraft:poppy":2,"alexsmobs:raccoon_tail":1,"minecraft:furnace":1,"minecraft:dark_oak_sapling":6,"minecraft:stick":2,"minecraft:raw_iron":11,"minecraft:sweet_berries":32,"minecraft:torch":4,"car:canola_seeds":1,"minecraft:dandelion":1,"minecraft:gravel":4,"untamedwilds:anemone_rose_bulb":1,"minecraft:dark_oak_log":15,"minecraft:spider_eye":1,"minecraft:dark_oak_planks":20,"minecraft:rotten_flesh":9,"minecraft:tropical_fish":1,"minecraft:hay_block":4,"minecraft:spruce_sign":1,"minecraft:glow_berries":2,"croptopia:pecan":21,"minecraft:coal":25,"minecraft:cobblestone":303},"minecraft:used":{"wearablebackpacks:backpack":1,"minecraft:stone_pickaxe":104,"minecraft:wooden_pickaxe":7,"minecraft:iron_sword":12,"minecraft:torch":6,"minecraft:glow_berries":6,"minecraft:dirt":38,"minecraft:crafting_table":5,"minecraft:wooden_axe":1,"minecraft:iron_axe":8,"minecraft:iron_pickaxe":259,"minecraft:stone_axe":45,"minecraft:cobblestone":28,"minecraft:dark_oak_boat":4,"minecraft:sweet_berries":28,"minecraft:furnace":1,"croptopia:roe":2,"minecraft:coarse_dirt":1},"minecraft:mined":{"minecraft:podzol":2,"minecraft:spruce_planks":1,"minecraft:kelp_plant":1,"minecraft:dandelion":1,"minecraft:clay":3,"minecraft:crafting_table":5,"minecraft:torch":2,"minecraft:cave_vines_plant":1,"minecraft:grass_block":16,"minecraft:poppy":2,"create_new_age:thorium_ore":3,"minecraft:copper_ore":1,"minecraft:cobblestone":3,"minecraft:kelp":1,"minecraft:wall_torch":2,"minecraft:hay_block":4,"minecraft:coarse_dirt":5,"minecraft:furnace":1,"minecraft:iron_ore":10,"minecraft:sweet_berry_bush":12,"treechop:chopped_log":2,"minecraft:grass":9,"minecraft:coal_ore":23,"minecraft:cave_vines":2,"minecraft:gravel":4,"minecraft:dirt":41,"minecraft:potted_cornflower":1,"minecraft:azalea":1,"minecraft:stone":297},"minecraft:custom":{"minecraft:interact_with_furnace":8,"minecraft:mob_kills":15,"minecraft:animals_bred":1,"minecraft:interact_with_crafting_table":37,"minecraft:damage_dealt_resisted":30,"minecraft:eat_cake_slice":5,"minecraft:leave_game":3,"minecraft:time_since_death":10054,"minecraft:time_since_rest":10110,"minecraft:sprint_one_cm":84417,"minecraft:damage_taken":2264,"minecraft:walk_one_cm":280429,"minecraft:drop":18,"minecraft:damage_dealt":3320,"minecraft:swim_one_cm":8046,"minecraft:fly_one_cm":79523,"minecraft:open_chest":1,"minecraft:crouch_one_cm":15946,"minecraft:play_time":127574,"minecraft:deaths":6,"minecraft:sneak_time":7340,"minecraft:walk_under_water_one_cm":34323,"minecraft:boat_one_cm":234872,"minecraft:jump":1013,"minecraft:walk_on_water_one_cm":27588,"minecraft:total_world_time":127574,"minecraft:fall_one_cm":11285},"minecraft:killed":{"alexsmobs:grizzly_bear":1,"alexsmobs:raccoon":1,"alexsmobs:tasmanian_devil":3,"born_in_chaos_v1:maggot":2,"minecraft:zombie":3,"born_in_chaos_v1:corpse_fly":2,"minecraft:drowned":2,"mowziesmobs:naga":1},"minecraft:dropped":{"minecraft:iron_ingot":5,"minecraft:stone_axe":1,"minecraft:coarse_dirt":1,"minecraft:dirt":1,"minecraft:hay_block":2,"minecraft:flower_pot":2,"minecraft:spruce_planks":5,"minecraft:wooden_pickaxe":2,"minecraft:stone_pickaxe":2,"minecraft:dark_oak_planks":24,"minecraft:dark_oak_boat":1}},"DataVersion":3465}