{"stats":{"minecraft:crafted":{"minecraft:dark_oak_boat":4,"minecraft:furnace":3,"minecraft:iron_boots":1,"minecraft:iron_axe":2,"minecraft:stone_pickaxe":1,"minecraft:dark_oak_planks":60,"minecraft:wheat":117,"minecraft:crafting_table":4,"minecraft:wooden_pickaxe":2,"minecraft:iron_helmet":1,"minecraft:iron_sword":1,"minecraft:birch_planks":36,"minecraft:stone_axe":1,"minecraft:bread":33,"minecraft:air":0,"minecraft:iron_chestplate":1,"minecraft:shield":2,"minecraft:stick":44,"minecraft:iron_ingot":48,"minecraft:iron_pickaxe":3,"minecraft:wooden_axe":1,"minecraft:iron_leggings":1,"minecraft:torch":76},"minecraft:picked_up":{"minecraft:coarse_dirt":9,"minecraft:crafting_table":7,"create_new_age:thorium":36,"minecraft:wheat":3,"minecraft:flower_pot":2,"minecraft:clay_ball":12,"born_in_chaos_v1:seedof_chaos":1,"minecraft:stone_slab":1,"minecraft:lead":1,"minecraft:chain":1,"wearablebackpacks:backpack":5,"minecraft:cornflower":1,"minecraft:string":2,"minecraft:raw_copper":4,"born_in_chaos_v1:intoxicating_decoction":4,"minecraft:item_frame":2,"minecraft:beetroot":1,"minecraft:spruce_planks":9,"minecraft:player_head":1,"minecraft:azalea":1,"minecraft:poppy":2,"alexsmobs:raccoon_tail":1,"minecraft:furnace":3,"minecraft:dark_oak_sapling":6,"minecraft:raw_iron":76,"minecraft:stick":2,"minecraft:torch":8,"minecraft:porkchop":1,"untamedwilds:anemone_rose_bulb":1,"born_in_chaos_v1:pieceofdarkmetal":5,"minecraft:dark_oak_planks":25,"minecraft:arrow":2,"minecraft:rotten_flesh":36,"minecraft:tropical_fish":1,"minecraft:hay_block":13,"minecraft:glow_berries":2,"croptopia:pecan":21,"minecraft:snowball":16,"minecraft:white_wool":2,"minecraft:cobblestone":354,"born_in_chaos_v1:fused_bone":2,"born_in_chaos_v1:corpse_maggot":6,"minecraft:lilac":1,"born_in_chaos_v1:monster_flesh":3,"minecraft:leather":1,"minecraft:dark_oak_boat":2,"alexsmobs:bear_fur":1,"minecraft:gunpowder":7,"minecraft:dirt":73,"born_in_chaos_v1:monster_skin":4,"minecraft:bone":11,"minecraft:kelp":15,"minecraft:wheat_seeds":2,"minecraft:iron_ingot":1,"minecraft:stone_pickaxe":1,"minecraft:sweet_berries":178,"car:canola_seeds":1,"born_in_chaos_v1:ethereal_spirit":3,"minecraft:dandelion":1,"minecraft:gravel":5,"born_in_chaos_v1:dark_rod":1,"minecraft:spruce_log":2,"minecraft:dark_oak_log":15,"minecraft:spider_eye":1,"croptopia:orange":6,"knightquest:small_essence":3,"minecraft:spruce_sign":1,"minecraft:emerald":3,"alexsmobs:maggot":2,"minecraft:coal":70,"minecraft:ender_pearl":1},"minecraft:used":{"minecraft:shield":1,"minecraft:iron_sword":266,"minecraft:torch":20,"minecraft:dirt":38,"minecraft:wooden_axe":1,"minecraft:iron_axe":10,"minecraft:dark_oak_boat":4,"minecraft:sweet_berries":79,"minecraft:furnace":3,"croptopia:roe":2,"wearablebackpacks:backpack":5,"minecraft:stone_pickaxe":104,"minecraft:wooden_pickaxe":7,"minecraft:glow_berries":6,"minecraft:crafting_table":8,"croptopia:orange":6,"minecraft:bread":13,"minecraft:iron_pickaxe":444,"minecraft:stone_axe":45,"minecraft:cobblestone":76,"minecraft:coarse_dirt":1},"minecraft:mined":{"minecraft:spruce_planks":1,"minecraft:jungle_leaves":3,"minecraft:cave_vines_plant":1,"minecraft:grass_block":18,"create_new_age:thorium_ore":12,"minecraft:kelp":1,"minecraft:hay_block":13,"minecraft:furnace":3,"minecraft:iron_ore":76,"treechop:chopped_log":2,"minecraft:cave_vines":2,"minecraft:potted_cornflower":1,"minecraft:azalea":1,"minecraft:stone":349,"minecraft:podzol":3,"minecraft:kelp_plant":1,"minecraft:dandelion":1,"minecraft:clay":3,"minecraft:crafting_table":7,"minecraft:torch":3,"minecraft:emerald_ore":2,"minecraft:poppy":2,"minecraft:stone_slab":2,"minecraft:cobblestone":9,"minecraft:copper_ore":1,"minecraft:wall_torch":4,"minecraft:coarse_dirt":5,"minecraft:sea_pickle":2,"minecraft:sweet_berry_bush":68,"minecraft:lilac":1,"minecraft:grass":14,"minecraft:coal_ore":68,"untamedwilds:flora_titan_arum":1,"minecraft:dirt":43,"minecraft:gravel":4,"minecraft:small_dripleaf":2,"minecraft:deepslate_emerald_ore":1},"minecraft:broken":{"minecraft:iron_pickaxe":1},"minecraft:custom":{"minecraft:mob_kills":52,"minecraft:animals_bred":1,"minecraft:interact_with_crafting_table":52,"minecraft:open_barrel":3,"minecraft:damage_dealt_resisted":40,"minecraft:eat_cake_slice":5,"minecraft:leave_game":4,"minecraft:time_since_death":61960,"minecraft:sprint_one_cm":231422,"minecraft:walk_one_cm":538323,"minecraft:damage_blocked_by_shield":25,"minecraft:drop":46,"minecraft:play_time":179480,"minecraft:deaths":6,"minecraft:sneak_time":10389,"minecraft:walk_under_water_one_cm":34888,"minecraft:boat_one_cm":234872,"minecraft:jump":2070,"minecraft:walk_on_water_one_cm":28274,"minecraft:total_world_time":179480,"minecraft:interact_with_furnace":29,"minecraft:time_since_rest":62016,"minecraft:damage_taken":3025,"minecraft:damage_dealt":10959,"minecraft:swim_one_cm":8046,"minecraft:fly_one_cm":238947,"minecraft:open_chest":2,"minecraft:crouch_one_cm":23554,"minecraft:fall_one_cm":31389},"minecraft:killed":{"born_in_chaos_v1:zombie_clown":2,"born_in_chaos_v1:restless_spirit":2,"alexsmobs:raccoon":1,"alexsmobs:tasmanian_devil":3,"born_in_chaos_v1:siamese_skeletonsright":1,"born_in_chaos_v1:zombie_bruiser":1,"born_in_chaos_v1:maggot":5,"creeperoverhaul:snowy_creeper":4,"minecraft:skeleton":4,"minecraft:drowned":2,"born_in_chaos_v1:fallen_chaos_knight":1,"alexsmobs:grizzly_bear":1,"born_in_chaos_v1:baby_skeleton":1,"untamedwilds:boar":1,"minecraft:creeper":1,"born_in_chaos_v1:decrepit_skeleton":4,"minecraft:zombie":6,"born_in_chaos_v1:dread_hound":3,"born_in_chaos_v1:corpse_fly":3,"born_in_chaos_v1:dark_vortex":1,"alexsmobs:fly":3,"born_in_chaos_v1:siamese_skeletonsleft":1,"mowziesmobs:naga":1},"minecraft:dropped":{"minecraft:bread":15,"minecraft:iron_ingot":5,"minecraft:iron_sword":1,"minecraft:moss_block":3,"minecraft:apple":4,"minecraft:dirt":4,"born_in_chaos_v1:monster_skin":1,"minecraft:torch":3,"minecraft:snowball":16,"minecraft:chain":1,"minecraft:flowering_azalea":1,"minecraft:iron_pickaxe":1,"minecraft:dark_oak_planks":34,"minecraft:dark_oak_boat":1,"minecraft:gravel":4,"minecraft:stone_axe":2,"minecraft:kelp":3,"minecraft:sweet_berries":42,"minecraft:coarse_dirt":7,"minecraft:birch_sapling":1,"minecraft:wheat":3,"minecraft:hay_block":2,"minecraft:shield":1,"minecraft:flower_pot":2,"minecraft:gunpowder":7,"minecraft:spruce_planks":5,"wearablebackpacks:backpack":1,"minecraft:spruce_log":2,"minecraft:stone_pickaxe":2,"minecraft:wooden_pickaxe":2}},"DataVersion":3465}