{"stats":{"minecraft:custom":{"minecraft:time_since_rest":4199,"minecraft:crouch_one_cm":51,"minecraft:play_time":4199,"minecraft:sprint_one_cm":7479,"minecraft:damage_taken":40,"minecraft:walk_one_cm":7234,"minecraft:sneak_time":11,"minecraft:jump":85,"minecraft:leave_game":1,"minecraft:time_since_death":4199,"minecraft:total_world_time":4199,"minecraft:fall_one_cm":2654,"minecraft:fly_one_cm":12923},"minecraft:mined":{"minecraft:grass":19,"minecraft:grass_block":11,"minecraft:oak_log":1,"minecraft:dead_bush":1,"minecraft:dirt":1,"minecraft:tall_grass":7,"minecraft:oak_leaves":2},"minecraft:used":{"minecraft:dirt":1},"minecraft:picked_up":{"minecraft:wheat_seeds":1,"pizzacraft:tomato":2,"minecraft:oak_log":1,"minecraft:dirt":12}},"DataVersion":3465}