{"stats":{"minecraft:crafted":{"minecraft:dark_oak_boat":4,"minecraft:crafting_table":3,"minecraft:wooden_pickaxe":2,"minecraft:furnace":3,"minecraft:stone_axe":1,"minecraft:air":0,"minecraft:iron_chestplate":1,"minecraft:iron_axe":2,"minecraft:stick":32,"minecraft:iron_ingot":35,"minecraft:iron_pickaxe":2,"minecraft:stone_pickaxe":1,"minecraft:wooden_axe":1,"minecraft:iron_leggings":1,"minecraft:dark_oak_planks":60,"minecraft:torch":40,"minecraft:wheat":18},"minecraft:picked_up":{"born_in_chaos_v1:fused_bone":2,"born_in_chaos_v1:corpse_maggot":5,"minecraft:crafting_table":5,"minecraft:coarse_dirt":9,"create_new_age:thorium":16,"minecraft:clay_ball":12,"minecraft:flower_pot":2,"minecraft:dark_oak_boat":2,"minecraft:lead":1,"alexsmobs:bear_fur":1,"wearablebackpacks:backpack":3,"minecraft:cornflower":1,"minecraft:dirt":67,"minecraft:string":2,"minecraft:raw_copper":4,"minecraft:item_frame":2,"minecraft:bone":1,"minecraft:beetroot":1,"minecraft:kelp":15,"minecraft:wheat_seeds":2,"minecraft:spruce_planks":9,"minecraft:stone_pickaxe":1,"minecraft:player_head":1,"minecraft:azalea":1,"minecraft:poppy":2,"alexsmobs:raccoon_tail":1,"minecraft:furnace":1,"minecraft:dark_oak_sapling":6,"minecraft:stick":2,"minecraft:raw_iron":46,"minecraft:sweet_berries":91,"minecraft:torch":5,"car:canola_seeds":1,"minecraft:dandelion":1,"minecraft:gravel":4,"untamedwilds:anemone_rose_bulb":1,"minecraft:spruce_log":2,"minecraft:dark_oak_log":15,"minecraft:spider_eye":1,"minecraft:dark_oak_planks":20,"minecraft:rotten_flesh":9,"minecraft:tropical_fish":1,"croptopia:orange":6,"minecraft:hay_block":13,"minecraft:spruce_sign":1,"minecraft:glow_berries":2,"croptopia:pecan":21,"minecraft:coal":38,"minecraft:cobblestone":339},"minecraft:used":{"wearablebackpacks:backpack":1,"minecraft:stone_pickaxe":104,"minecraft:wooden_pickaxe":7,"minecraft:iron_sword":47,"minecraft:torch":9,"minecraft:glow_berries":6,"minecraft:dirt":38,"minecraft:crafting_table":6,"croptopia:orange":4,"minecraft:wooden_axe":1,"minecraft:iron_axe":8,"minecraft:bread":2,"minecraft:iron_pickaxe":353,"minecraft:stone_axe":45,"minecraft:cobblestone":40,"minecraft:dark_oak_boat":4,"minecraft:sweet_berries":37,"minecraft:furnace":3,"croptopia:roe":2,"minecraft:coarse_dirt":1},"minecraft:mined":{"minecraft:podzol":2,"minecraft:spruce_planks":1,"minecraft:kelp_plant":1,"minecraft:dandelion":1,"minecraft:clay":3,"minecraft:crafting_table":5,"minecraft:torch":2,"minecraft:cave_vines_plant":1,"minecraft:grass_block":17,"minecraft:poppy":2,"create_new_age:thorium_ore":6,"minecraft:copper_ore":1,"minecraft:cobblestone":4,"minecraft:kelp":1,"minecraft:wall_torch":2,"minecraft:hay_block":13,"minecraft:coarse_dirt":5,"minecraft:furnace":1,"minecraft:iron_ore":45,"minecraft:sweet_berry_bush":38,"treechop:chopped_log":2,"minecraft:grass":9,"minecraft:coal_ore":36,"minecraft:cave_vines":2,"minecraft:gravel":4,"minecraft:dirt":41,"minecraft:potted_cornflower":1,"minecraft:azalea":1,"minecraft:stone":339},"minecraft:broken":{"minecraft:iron_pickaxe":1},"minecraft:custom":{"minecraft:interact_with_furnace":25,"minecraft:mob_kills":17,"minecraft:animals_bred":1,"minecraft:interact_with_crafting_table":43,"minecraft:open_barrel":3,"minecraft:damage_dealt_resisted":30,"minecraft:eat_cake_slice":5,"minecraft:leave_game":3,"minecraft:time_since_death":22054,"minecraft:time_since_rest":22110,"minecraft:sprint_one_cm":113111,"minecraft:damage_taken":2327,"minecraft:walk_one_cm":324796,"minecraft:drop":25,"minecraft:damage_dealt":3705,"minecraft:swim_one_cm":8046,"minecraft:fly_one_cm":103913,"minecraft:open_chest":2,"minecraft:crouch_one_cm":16272,"minecraft:play_time":139574,"minecraft:deaths":6,"minecraft:sneak_time":7443,"minecraft:walk_under_water_one_cm":34323,"minecraft:boat_one_cm":234872,"minecraft:jump":1184,"minecraft:walk_on_water_one_cm":27588,"minecraft:total_world_time":139574,"minecraft:fall_one_cm":13418},"minecraft:killed":{"alexsmobs:grizzly_bear":1,"alexsmobs:raccoon":1,"alexsmobs:tasmanian_devil":3,"born_in_chaos_v1:siamese_skeletonsright":1,"born_in_chaos_v1:maggot":2,"minecraft:zombie":3,"born_in_chaos_v1:corpse_fly":2,"minecraft:drowned":2,"born_in_chaos_v1:siamese_skeletonsleft":1,"mowziesmobs:naga":1},"minecraft:dropped":{"minecraft:iron_ingot":5,"minecraft:stone_axe":2,"minecraft:moss_block":3,"minecraft:coarse_dirt":7,"minecraft:birch_sapling":1,"minecraft:dirt":3,"minecraft:hay_block":2,"minecraft:flower_pot":2,"minecraft:torch":1,"minecraft:spruce_planks":5,"minecraft:wooden_pickaxe":2,"minecraft:stone_pickaxe":2,"minecraft:dark_oak_planks":24,"minecraft:dark_oak_boat":1}},"DataVersion":3465}