{"stats":{"minecraft:crafted":{"minecraft:dark_oak_boat":4,"minecraft:crafting_table":3,"minecraft:iron_helmet":1,"minecraft:wooden_pickaxe":2,"minecraft:iron_sword":1,"minecraft:furnace":3,"minecraft:birch_planks":36,"minecraft:stone_axe":1,"minecraft:air":0,"minecraft:iron_boots":1,"minecraft:iron_chestplate":1,"minecraft:shield":2,"minecraft:iron_axe":2,"minecraft:stick":44,"minecraft:iron_ingot":48,"minecraft:iron_pickaxe":3,"minecraft:stone_pickaxe":1,"minecraft:wooden_axe":1,"minecraft:iron_leggings":1,"minecraft:dark_oak_planks":60,"minecraft:torch":40,"minecraft:wheat":18},"minecraft:picked_up":{"born_in_chaos_v1:fused_bone":2,"minecraft:wheat":3,"born_in_chaos_v1:corpse_maggot":5,"minecraft:crafting_table":6,"minecraft:coarse_dirt":9,"create_new_age:thorium":16,"minecraft:clay_ball":12,"minecraft:flower_pot":2,"minecraft:dark_oak_boat":2,"minecraft:lead":1,"alexsmobs:bear_fur":1,"wearablebackpacks:backpack":4,"minecraft:gunpowder":7,"minecraft:cornflower":1,"minecraft:dirt":72,"minecraft:string":2,"minecraft:raw_copper":4,"minecraft:item_frame":2,"minecraft:bone":5,"minecraft:beetroot":1,"minecraft:kelp":15,"minecraft:wheat_seeds":2,"minecraft:spruce_planks":9,"minecraft:stone_pickaxe":1,"minecraft:player_head":1,"minecraft:azalea":1,"minecraft:poppy":2,"alexsmobs:raccoon_tail":1,"minecraft:furnace":3,"minecraft:dark_oak_sapling":6,"minecraft:stick":2,"minecraft:raw_iron":49,"minecraft:sweet_berries":102,"minecraft:torch":8,"car:canola_seeds":1,"minecraft:dandelion":1,"minecraft:gravel":4,"untamedwilds:anemone_rose_bulb":1,"minecraft:spruce_log":2,"minecraft:dark_oak_log":15,"minecraft:spider_eye":1,"minecraft:dark_oak_planks":25,"minecraft:rotten_flesh":23,"minecraft:tropical_fish":1,"croptopia:orange":6,"minecraft:hay_block":13,"minecraft:spruce_sign":1,"minecraft:glow_berries":2,"croptopia:pecan":21,"minecraft:coal":39,"minecraft:cobblestone":345},"minecraft:used":{"wearablebackpacks:backpack":2,"minecraft:stone_pickaxe":104,"minecraft:wooden_pickaxe":7,"minecraft:iron_sword":79,"minecraft:torch":15,"minecraft:glow_berries":6,"minecraft:dirt":38,"minecraft:crafting_table":7,"croptopia:orange":4,"minecraft:wooden_axe":1,"minecraft:iron_axe":9,"minecraft:bread":4,"minecraft:iron_pickaxe":364,"minecraft:stone_axe":45,"minecraft:cobblestone":54,"minecraft:dark_oak_boat":4,"minecraft:sweet_berries":37,"minecraft:furnace":3,"croptopia:roe":2,"minecraft:coarse_dirt":1},"minecraft:mined":{"minecraft:podzol":3,"minecraft:spruce_planks":1,"minecraft:kelp_plant":1,"minecraft:dandelion":1,"minecraft:clay":3,"minecraft:crafting_table":6,"minecraft:torch":3,"minecraft:cave_vines_plant":1,"minecraft:grass_block":17,"minecraft:poppy":2,"create_new_age:thorium_ore":6,"minecraft:copper_ore":1,"minecraft:cobblestone":4,"minecraft:kelp":1,"minecraft:wall_torch":4,"minecraft:hay_block":13,"minecraft:coarse_dirt":5,"minecraft:sea_pickle":2,"minecraft:furnace":3,"minecraft:iron_ore":48,"minecraft:sweet_berry_bush":42,"treechop:chopped_log":2,"minecraft:grass":9,"minecraft:coal_ore":37,"minecraft:cave_vines":2,"minecraft:gravel":4,"minecraft:dirt":43,"minecraft:potted_cornflower":1,"minecraft:azalea":1,"minecraft:stone":344},"minecraft:broken":{"minecraft:iron_pickaxe":1},"minecraft:custom":{"minecraft:interact_with_furnace":29,"minecraft:mob_kills":22,"minecraft:animals_bred":1,"minecraft:interact_with_crafting_table":51,"minecraft:open_barrel":3,"minecraft:damage_dealt_resisted":30,"minecraft:eat_cake_slice":5,"minecraft:leave_game":3,"minecraft:time_since_death":34054,"minecraft:time_since_rest":34110,"minecraft:sprint_one_cm":137404,"minecraft:damage_taken":2400,"minecraft:walk_one_cm":382627,"minecraft:drop":35,"minecraft:damage_dealt":4896,"minecraft:swim_one_cm":8046,"minecraft:fly_one_cm":119651,"minecraft:open_chest":2,"minecraft:crouch_one_cm":20004,"minecraft:play_time":151574,"minecraft:deaths":6,"minecraft:sneak_time":8320,"minecraft:walk_under_water_one_cm":34323,"minecraft:boat_one_cm":234872,"minecraft:jump":1358,"minecraft:walk_on_water_one_cm":27588,"minecraft:total_world_time":151574,"minecraft:fall_one_cm":16524},"minecraft:killed":{"alexsmobs:grizzly_bear":1,"alexsmobs:raccoon":1,"alexsmobs:tasmanian_devil":3,"born_in_chaos_v1:siamese_skeletonsright":1,"born_in_chaos_v1:decrepit_skeleton":1,"born_in_chaos_v1:maggot":2,"minecraft:skeleton":2,"minecraft:zombie":4,"born_in_chaos_v1:corpse_fly":3,"minecraft:drowned":2,"born_in_chaos_v1:siamese_skeletonsleft":1,"mowziesmobs:naga":1},"minecraft:dropped":{"minecraft:gravel":4,"minecraft:iron_ingot":5,"minecraft:iron_sword":1,"minecraft:stone_axe":2,"minecraft:moss_block":3,"minecraft:coarse_dirt":7,"minecraft:wheat":3,"minecraft:birch_sapling":1,"minecraft:dirt":3,"minecraft:hay_block":2,"minecraft:shield":1,"minecraft:flower_pot":2,"minecraft:gunpowder":7,"minecraft:torch":3,"minecraft:spruce_planks":5,"minecraft:flowering_azalea":1,"minecraft:spruce_log":2,"minecraft:wooden_pickaxe":2,"minecraft:stone_pickaxe":2,"minecraft:iron_pickaxe":1,"minecraft:dark_oak_planks":29,"minecraft:dark_oak_boat":1}},"DataVersion":3465}